File Name,image,URL,Preview,Name,Affiliation/Stance,Type,Description,Source,Notes,Sources of Related Images
alchevsk.jpg,https://drive.google.com/uc?export=view&id=1065I2gHDGf-lsb0-KHE-g4m3TzbdiwXX,https://drive.google.com/file/d/1065I2gHDGf-lsb0-KHE-g4m3TzbdiwXX/view?usp=share_link,,coat of arms of Alchevsk,Russia,"Government, People's Republic","Alchevsk (Ukrainian: Алчевськ; Russian: Алчевск) is a city and the nominal administrative center of Alchevsk Raion in Luhansk Oblast, in the Donbas region of eastern Ukraine. Alchevsk came under control of pro-Russian separatists in early 2014, and was incorporated into the self-proclaimed Luhansk People's Republic (LPR / LNR). After declaring its annexation of the region in 2022, Russia has claimed the city.","https://commons.wikimedia.org/wiki/File:ALCHEVSK-LNR-2015.jpg
https://en.wikipedia.org/wiki/Alchevsk",,https://drive.usercontent.google.com/download?id=1IVomuhOlvlewIS4_UzJBjKkbTkcR3Hbc&export=view&authuser=0
azov-brigade.png,https://drive.google.com/uc?export=view&id=10RGuVX1JyDgkt2hbpeQYz7hfwH9-GxGW,https://drive.google.com/file/d/10RGuVX1JyDgkt2hbpeQYz7hfwH9-GxGW/view?usp=share_link,,Azov Brigade,Ukraine,Military,"The 12th Special Forces Brigade ""Azov"" (Ukrainian: 12-та бригада спеціального призначення «Азов», romanized: 12-ta bryhada spetsialnoho pryznachennya ""Azov"")is a formation of the National Guard of Ukraine formerly based in Mariupol, in the coastal region of the Sea of Azov, from which it derives its name. It was founded in May 2014 as the Azov Battalion[a] (Ukrainian: батальйон «Азов», romanized: Batalion ""Azov""), a self-funded volunteer militia under the command of Andriy Biletsky, to fight Russian-backed forces in the Donbas War. It was formally incorporated into the National Guard on 11 November 2014, and redesignated Special Operations Detachment ""Azov"", also known as the Azov Regiment.","https://en.wikipedia.org/wiki/Azov_Brigade
https://en.wikipedia.org/wiki/File:Emblem_of_the_Azov_Battalion.svg",,https://drive.google.com/file/d/1D1sB4q7BTd3rZJtOUwHoUNuboZeU0VZl/view
crimea-engineering-pedagogical-university.png,https://drive.google.com/uc?export=view&id=1gJaNiYI0HJMSLMucev_kqzt2fRS-itQ4,https://drive.google.com/file/d/1gJaNiYI0HJMSLMucev_kqzt2fRS-itQ4/view?usp=share_link,,Crimean Engineering and Pedagogical University,Ukraine,Other,"Founded 1993 as Crimean State Industrial Pedagogical Institute, Simferopol. Acquired present title and status 2003.
Funding: Public
Accreditation: Ministry of Education and Science of Ukraine",https://uni24k.com/u/15161/,seen prominently in picture of pro-Russia rally during coding? so stance is uncertain,https://drive.google.com/file/d/1Y8cyFqMp9Lsn7X8YY-m7VYJGLvlmXDPy/view
DNR-coat-of-arms.png,https://drive.google.com/uc?export=view&id=1RRYPcl8jsFqGD_M0ZSJlDILrplPPmEqy,https://drive.google.com/file/d/1RRYPcl8jsFqGD_M0ZSJlDILrplPPmEqy/view?usp=share_link,,coat of arms of Donetsk People's Republic,Russia,"Government, People's Republic","The Donetsk People's Republic (DPR; Russian: Донецкая Народная Республика (ДНР), romanized: Donetskaya Narodnaya Respublika (DNR), IPA: [dɐˈnʲetskəjə nɐˈrodnəjə rʲɪˈspublʲɪkə]) is occupied territory in Ukraine that the Russian Federation has claimed to annex and declared as a republic of Russia, comprising parts of eastern Ukraine's Donetsk Oblast, with its capital in Donetsk.

The DPR was created by Russian-backed paramilitaries in 2014, and it initially operated as a breakaway state until it was illegally annexed by Russia in 2022. The entire territory of DPR is viewed as sovereign territory of Ukraine by nearly all UN member states.",https://en.wikipedia.org/wiki/Donetsk_People%27s_Republic,,
DNR-government.jpg,https://drive.google.com/uc?export=view&id=1-8XXF0TLDUucQ7MOFaqI47hBevDbIELj,https://drive.google.com/file/d/1-8XXF0TLDUucQ7MOFaqI47hBevDbIELj/view?usp=share_link,,Government of the Donetsk People's Republic,Russia,"Government, People's Republic","The Donetsk People's Republic (DPR; Russian: Донецкая Народная Республика (ДНР), romanized: Donetskaya Narodnaya Respublika (DNR), IPA: [dɐˈnʲetskəjə nɐˈrodnəjə rʲɪˈspublʲɪkə]) is occupied territory in Ukraine that the Russian Federation has claimed to annex and declared as a republic of Russia, comprising parts of eastern Ukraine's Donetsk Oblast, with its capital in Donetsk.

The DPR was created by Russian-backed paramilitaries in 2014, and it initially operated as a breakaway state until it was illegally annexed by Russia in 2022. The entire territory of DPR is viewed as sovereign territory of Ukraine by nearly all UN member states.","http://vybor-naroda.org/lentanovostey/249413-pushilin-naznachil-zamestitelej-predsedatelja-pravitelstva-dnr.html
https://днронлайн.рф/pravitelstvo/
https://en.wikipedia.org/wiki/Donetsk_People%27s_Republic",,"https://drive.google.com/file/d/1rDMOnIZFriubj36uNYaufu6nr2-FcM6y/view?usp=share_link
https://drive.google.com/file/d/1HGdl4O4Fxp_-mqfemLsy3Cx9mcZVsWQ5/view"
DNR-JCCC.jpg,https://drive.google.com/uc?export=view&id=1w9pU0FjjaRbSq9zM9_B503BrJaQ-couP,https://drive.google.com/file/d/1w9pU0FjjaRbSq9zM9_B503BrJaQ-couP/view?usp=share_link,,DNR mission to the Joint Centre of Control and Coordination,Russia,Military,"The Joint Centre for Control and Coordination on ceasefire and stabilization of the demarcation line, abbreviated JCCC, is an organization composed of Ukrainian and Russian military officers, whose role is to help implement the Minsk ceasefire agreements and ensure the safety of OSCE monitors in the Russo-Ukrainian War.
Russian forces continue to use the original JCCC logos and symbols after the start of the full-scale Russian invasion of Ukraine on February 24, 2022, when presenting results of alleged Ukrainian fire on its infrastructure on the occupied territories, regardless of the fact that the original JCCC stopped operations in 2017 and it has no ""joint"" component.","https://днронлайн.рф/vfu-obstrelyali-doneck-kashtanovoe-spartak-predstavitelstvo-dnr-v-sckk/vfu-obstrelyali-doneck-kashtanovoe-spartak-predstavitelstvo-dnr-v-sckk-2/ 
https://en.wikipedia.org/wiki/Joint_Centre_of_Control_and_Coordination",,"https://drive.google.com/file/d/1zal4txYe3-ShvqmdtrBhIlGtOWdexVqv/view
https://drive.usercontent.google.com/download?id=1GMc_3vXZh3MWRD0HZ2P2Qwv4TxA-Jprl&export=view&authuser=0"
donbas-frontliner.png,https://drive.google.com/uc?export=view&id=1oTGZgrcsVbnitiBnJMuljcfiqDcQhWG0,https://drive.google.com/file/d/1oTGZgrcsVbnitiBnJMuljcfiqDcQhWG0/view?usp=sharing,,Donbas Frontliner,Ukraine,Media,"Frontliner is an interactive media about Russia's war against Ukraine.
We aim to give you a complete picture of what is happening with war, military personnel, civilians, overall mood, concerns, and victories.
Instead of the ""case-news-joint discussion"" traditional approach for reporters, we will also use the excellent ""community question-reality (problem)-joint research-joint discussion"" approach.",https://frontliner.ua/en/about-us-frontliner-reporters/,,https://drive.google.com/file/d/1FmdULo8QQGLvmLQRJcuJLe6j8AeAqGoZ/view
donetsk-news-agency.jpg,https://drive.google.com/uc?export=view&id=168mNoj9NTc8wAFVPZnBrrOE8y1Al0Ihs,https://drive.google.com/file/d/168mNoj9NTc8wAFVPZnBrrOE8y1Al0Ihs/view?usp=share_link,,Donetsk News Agency,Russia,"People's Republic, Media","- Established on December 22, 2014, by a decree from then-leader of the Donetsk People’s Republic (Alexander Zakharchenko), to serve as the official state news agency of the DNR
- Its core mission is to cover state policy and public life within the Donetsk People’s Republic, and to publish official documents issued by DNR authorities .
- DAN is widely considered the main information resource of the DNR, recognized by local authorities and cited as a primary source of official statements .
- The agency operates a news website and a Telegram channel, publishing primarily in Russian",https://dan-news.ru,i cannot for the life of me open any Russian websites for whatever reason so the overview is (unfortunately) from ChatGPT. please if someone is able to open russian websites fix this one and all the other ones I wasn't able to do properly,https://drive.usercontent.google.com/download?id=1CeVLavXMq_bPHHuxeOtaziJ4zaDgMQWi&export=view&authuser=0
DONTSTOPWAR.jpg,https://drive.google.com/uc?export=view&id=1gPR4eerK6xyO_ka87ipSSP-09CpA34eb,https://drive.google.com/file/d/1gPR4eerK6xyO_ka87ipSSP-09CpA34eb/view?usp=sharing,,DONTSTOPWAR (Telegram channel),Russia,Media,"Avid pro-war Russian Telegram channel (as can be guessed by the name). Bio:
Не важно кто мы такие.
Важно то, какой у нас план.
Передать информацию: @dontstopwarofferbot_bot
Разбан: @answerdsw_bot
Частный канал: @DSWsantino_bot
Сотрудничество/реклама: @dswads",https://t.me/s/dontstopwar,,https://drive.google.com/file/d/1Z0Gti-gMRXspWDJ2eElmljaw0Yr4DD8u/view
federal-taxation-service.png,https://drive.google.com/uc?export=view&id=1eAzMCu2EWby4xWnjxc36iNG8Xn16dbiD,https://drive.google.com/file/d/1eAzMCu2EWby4xWnjxc36iNG8Xn16dbiD/view?usp=share_link,,Federal Taxation Service,Russia,"Government, Service/Infrastructure/Law Enforcement","The Federal Taxation Service (Russian: Федеральная налоговая служба, romanized: Federalnaya nalogovaya sluzhba) or shortly FNS (Russian: ФНС) is a federal body of executive authority in Russia responsible for carrying out state registration of legal entities and natural persons as individual entrepreneurs and farmsteads. It was formed on March 19, 2004, after the dissolution of the Ministry for Taxes and Levies.",https://en.wikipedia.org/wiki/Federal_Taxation_Service,,https://drive.google.com/drive/u/1/folders/1qX9RTi-d_XApEANNPmilxVdBVTQgUu9F
iron-cross.png,https://drive.google.com/uc?export=view&id=1thlpAg3_vzzFDi3fAPtAWnAx1O3FYPTt,https://drive.google.com/file/d/1thlpAg3_vzzFDi3fAPtAWnAx1O3FYPTt/view?usp=sharing,,Iron Cross,Other,"Military, Other","The Iron Cross (German: Eisernes Kreuz, listenⓘ, abbreviated EK) was a military decoration in the Kingdom of Prussia, the German Empire (1871–1918), and Nazi Germany (1933–1945). The design, a black cross pattée with a white or silver outline, was derived from the insignia of the medieval Teutonic Order and borne by its knights from the 13th century.
The Anti-Defamation League states that the version of the symbol with a swastika has been commonly used by neo-Nazis and other white supremacists as a hate symbol since it was discontinued following World War II, but the wider use of the Iron Cross in various subcultures means determining its use as a hate symbol relies on context: ""an Iron Cross in isolation (i.e., without a superimposed swastika or without other accompanying hate symbols) cannot be determined to be a hate symbol"".",https://en.wikipedia.org/wiki/Iron_Cross,,https://drive.google.com/file/d/1D1sB4q7BTd3rZJtOUwHoUNuboZeU0VZl/view
izvestia.png,https://drive.google.com/uc?export=view&id=17s9HSNn45B3W5z9YjNU8bgF24CGUsath,https://drive.google.com/file/d/17s9HSNn45B3W5z9YjNU8bgF24CGUsath/view?usp=share_link,,Izvestia,Russia,Media,"Izvestia (Russian: Известия, romanized: Izvestiya, IPA: [ɪzˈvʲesʲtʲɪjə], ""The News"") is a daily broadsheet newspaper in Russia. Founded in February 1917, Izvestia, which covered foreign relations, was the organ of the Supreme Soviet of the Soviet Union, disseminating official state propaganda. It is now described as a ""national newspaper"" of Russia.","https://en.wikipedia.org/wiki/Izvestia
https://lumo.agency/pub/",logo might be specifically of the online version? there's a less flashy one probably for just the newspaper,https://drive.google.com/file/d/1tOiFNN3sP_bBTExJCAmSPuGPGDoKbrsR/view
kharkiv-gas-electricity.png,https://drive.google.com/uc?export=view&id=1zUrJyT-cIRkiYVm53m6VaKvLZpgm77ur,https://drive.google.com/file/d/1zUrJyT-cIRkiYVm53m6VaKvLZpgm77ur/view?usp=share_link,,Kharkiv Gaszbut,Ukraine,Service/Infrastructure/Law Enforcement,Kharkiv branch of gas and energy supplier.,"https://khgaszbut.com.ua/
https://gaszbut.com.ua",,https://drive.usercontent.google.com/download?id=1BQgzofM8AaKVBLS-xmDOh0YehlLoRjzK&export=view&authuser=0
kherson-coat-of-arms.png,https://drive.google.com/uc?export=view&id=12iKToa1XsSjldYALMBc_AecEpv_XMS__,https://drive.google.com/file/d/12iKToa1XsSjldYALMBc_AecEpv_XMS__/view?usp=sharing,,coat of arms of Kherson,Ukraine,Government,"Kherson (Ukrainian and Russian: Херсон, Ukrainian: [xerˈsɔn] ⓘ, Russian: [xʲɪrˈson]) is a port city in southern Ukraine that serves as the administrative centre of Kherson Oblast. From March to November 2022, the city was occupied by Russian forces during their invasion of Ukraine. Ukrainian forces recaptured the city on 11 November 2022.","https://en.m.wikipedia.org/wiki/File:Coat_of_arms_of_Kherson.svg
https://en.wikipedia.org/wiki/Kherson",,"https://drive.usercontent.google.com/download?id=1R32XTlrFHhIsUZJEzzSdma5XOL5qBr8f&export=view&authuser=0
https://drive.usercontent.google.com/download?id=1zLlJuFFhWw833pxsf2IANDo5ilVII_Av&export=view&authuser=0
https://drive.google.com/file/d/1qPzprddfZkyf53_MPQIv_cJFS2iAkSs6/view?usp=share_link"
kherson-flag.png,https://drive.google.com/uc?export=view&id=1UjiulSgZWbriPa51tEUC2VzQi5n6lC0H,https://drive.google.com/file/d/1UjiulSgZWbriPa51tEUC2VzQi5n6lC0H/view?usp=sharing,,flag of Kherson,Ukraine,Government,"Kherson (Ukrainian and Russian: Херсон, Ukrainian: [xerˈsɔn] ⓘ, Russian: [xʲɪrˈson]) is a port city in southern Ukraine that serves as the administrative centre of Kherson Oblast. From March to November 2022, the city was occupied by Russian forces during their invasion of Ukraine. Ukrainian forces recaptured the city on 11 November 2022.",https://en.wikipedia.org/wiki/Kherson,,https://drive.usercontent.google.com/download?id=1zLlJuFFhWw833pxsf2IANDo5ilVII_Av&export=view&authuser=0
kherson-public-budget.jpg,https://drive.google.com/uc?export=view&id=1VfaLjB0knZ2dT8ugg4H5QK2Gz3EQyKAr,https://drive.google.com/file/d/1VfaLjB0knZ2dT8ugg4H5QK2Gz3EQyKAr/view?usp=sharing,,Kherson Public Budget,Ukraine,Government,only seen used in discussion specifically of Kherson's public budget. Unsure if used in other Kherson-related activities.,https://hgi.org.ua/article.php?id=1614,,https://drive.google.com/file/d/1q3HbTckrEblYSfNQjZ3JzfPgjLT_rwh0/view
LNR-coat-of-arms.png,https://drive.google.com/uc?export=view&id=1gFRWOs0otTfFzZ366mOvPmsdmt9joobX,https://drive.google.com/file/d/1gFRWOs0otTfFzZ366mOvPmsdmt9joobX/view?usp=share_link,,coat of arms of Lugansk People's Republic,Russia,"People's Republic, Government","The coat of arms of the Luhansk People's Republic (LPR) is one of the state symbols of the generally unrecognised federal subject of the Russian Federation with the flag and anthem. The LPR declared independence from Ukraine in 2014 and adopted its own national symbols the same year, but had only received limited international recognition, being only recognized by Russia, Syria, and North Korea.",https://en.wikipedia.org/wiki/Coat_of_arms_of_the_Luhansk_People%27s_Republic,,https://drive.usercontent.google.com/download?id=1RZtTPyokuEfDjn1cYKoHSFydXhQUqSqd&export=view&authuser=0
lugansk-information-center.png,https://drive.google.com/uc?export=view&id=1pQZCSkr70BZighpIzHcVhHOZgEGNtDFw,https://drive.google.com/file/d/1pQZCSkr70BZighpIzHcVhHOZgEGNtDFw/view?usp=sharing,,Lugansk Information Center,Russia,"People's Republic, Media"," ""Луганский информационный центр"" (Lugansk Information Center), often abbreviated as ЛИЦ, is a state-run news agency operating in the self-proclaimed Luhansk People's Republic (LNR).",https://lug-info.ru,im having insane trouble opening any foreign sites right now (or maybe just specifically Russian) so I can't get any more details than this,https://drive.usercontent.google.com/download?id=1xQjRsG4aHD8QUTzUP3o7o4uMwRL7zI6x&export=view&authuser=0
luganskgaz.jpg,https://drive.google.com/uc?export=view&id=1Mgaz23qvl1b_X0CWEomtWgoSQJ9ZHvjL,https://drive.google.com/file/d/1Mgaz23qvl1b_X0CWEomtWgoSQJ9ZHvjL/view?usp=share_link,,Luganskgaz,Russia,"Service/Infrastructure/Law Enforcement, People's Republic",Gas supplier for self-proclaimed Lugansk People's Republic.,https://luganskgaz.org,last time I checked website doesn't work so I don't have any more detailed information,https://drive.usercontent.google.com/download?id=1xQjRsG4aHD8QUTzUP3o7o4uMwRL7zI6x&export=view&authuser=0
masterchef.png,https://drive.google.com/uc?export=view&id=1jD31NXY_-nxPhPLusBNUQgR7Mnvl7QVp,https://drive.google.com/file/d/1jD31NXY_-nxPhPLusBNUQgR7Mnvl7QVp/view?usp=share_link,,MasterChef,Other,Media,"MasterChef is a competitive cooking show television format created by Franc Roddam, which originated with the British version in July 1990. The show aims to discover the culinary talent of chefs of varying skill levels, through a series of cooking challenges, watched over by various acclaimed food critics and chefs.",https://en.wikipedia.org/wiki/MasterChef,,https://drive.usercontent.google.com/download?id=14KxmEC00Hb8qF4vVrACbNkMvlo5cu0Oq&export=view&authuser=0
mir.png,https://drive.google.com/uc?export=view&id=18Mwdz3Riweqpxt7O-pEONTY2vLI9fVHS,https://drive.google.com/file/d/18Mwdz3Riweqpxt7O-pEONTY2vLI9fVHS/view?usp=share_link,,Mir (payment system),Russia,Other,"Mir (Russian: Мир, IPA: [ˈmʲir]; lit. 'the world' or 'peace') is a Russian card payment system for electronic fund transfers established by the Central Bank of Russia under a law adopted on 1 May 2017. Russian National Card Payment System, a wholly-owned subsidiary of the Central Bank of Russia. Mir does not itself issue cards, extend credit or set rates and fees for consumers; rather, Mir provides financial institutions with Mir-branded payment products that they use to offer credit, debit, or other programs to their customers.",https://en.wikipedia.org/wiki/Mir_(payment_system),,https://drive.usercontent.google.com/download?id=1CjpgacEoxT_TjcOUkyVInTdTsfcuxuot&export=view&authuser=0
most.png,https://drive.google.com/uc?export=view&id=1zG7frmzlqEAgvQUjuDitaQNeGEPfSoG_,https://drive.google.com/file/d/1zG7frmzlqEAgvQUjuDitaQNeGEPfSoG_/view?usp=share_link,,MOST,Ukraine,Media,"Інтернет-видання МОСТ – інформаційно-аналітичний сайт, що висвітлює події у Херсоні та області незалежно від політичної чи комерційної доцільності.

Головна мета нашого ресурсу – адекватне сприйняття та об’єктивна оцінка новинної інформації, розвиток незаангажованої громадської журналістики та боротьба із російською пропагандою.
Редакція МОСТу розвивається разом із самим сайтом. Наш колектив з радістю зустрічає нових людей, для яких важливим є незалежний погляд на події.

The online edition of MOST is an information and analytical site that covers events in Kherson and the region, regardless of political or commercial feasibility.

The main goal of our resource is the adequate perception and objective evaluation of news information, the development of unbiased public journalism and the fight against Russian propaganda.
The editorial office of the MOST develops along with the site itself. Our team is happy to meet new people for whom an independent view of events is important.",https://most.ks.ua/pro-nas/,,"https://drive.usercontent.google.com/download?id=1GK394ir7B6wWi7d7h8I5QeHAj0dABRyt&export=view&authuser=0
https://drive.google.com/file/d/14jv_EjdAF9dUEolCJRxzjxhp4ExInaca/view?usp=share_link "
mtv.png,https://drive.google.com/uc?export=view&id=18vZpzTd1nLOXACAFr7xcDJ200AFYfk9E,https://drive.google.com/file/d/18vZpzTd1nLOXACAFr7xcDJ200AFYfk9E/view?usp=share_link,,Music Television (MTV),Other,Media,"MTV (an initialism of Music Television) is an American cable television channel and the flagship property of the MTV Entertainment Group sub-division of the Paramount Media Networks division of Paramount Global. Launched on August 1, 1981, the channel originally aired music videos and related programming as guided by television personalities known as video jockeys (VJs). MTV soon began establishing its presence overseas, eventually gaining a massive cult following and becoming one of the major factors in cable programming's rise to fame, leading American corporations to dominate the television economy in the 1990s. In the years since its inception, the channel significantly toned down its focus on music in favor of original reality programming for teenagers and young adults.",https://en.wikipedia.org/wiki/MTV,seen in parody image/meme,https://drive.usercontent.google.com/download?id=1ZRffQi7JcJaLKGtxUih2-6ORDKOF38wg&export=view&authuser=0
national-corps.png,https://drive.google.com/uc?export=view&id=16faHLRShXCi4dndoedeD9eF7vBoJJkyc,https://drive.google.com/file/d/16faHLRShXCi4dndoedeD9eF7vBoJJkyc/view?usp=sharing,,National Corps,Ukraine,Politics,"The National Corps (Ukrainian: Національний корпус, romanized: Natsionalnyi korpus), also known as the National Corps Party, a far-right political party in Ukraine, was founded in 2016 and then led by Andriy Biletsky.",https://en.wikipedia.org/wiki/National_Corps,,https://drive.usercontent.google.com/download?id=1eG2UKI_PUJEuVx5bCYrqWqv8rPHGQItv&export=view&authuser=0
NATO-flag.svg,https://drive.google.com/uc?export=view&id=1eyU7Gig4828aeyABC4qIbcUJsOXtSw0P,https://drive.google.com/file/d/1eyU7Gig4828aeyABC4qIbcUJsOXtSw0P/view?usp=sharing,,North Atlantic Treaty Organization (NATO),Other,"Government, Military","The North Atlantic Treaty Organization (NATO /ˈneɪtoʊ/ NAY-toh; French: Organisation du traité de l'Atlantique nord, OTAN), also called the North Atlantic Alliance, is an intergovernmental transnational military alliance of 32 member states—30 European and 2 North American. Established in the aftermath of World War II, the organization implements the North Atlantic Treaty, signed in Washington, D.C., on 4 April 1949.[5][6] NATO is a collective security system: its independent member states agree to defend each other against attacks by third parties.",https://en.wikipedia.org/wiki/NATO,,https://drive.google.com/file/d/1D1sB4q7BTd3rZJtOUwHoUNuboZeU0VZl/view
operational-command-south.png,https://drive.google.com/uc?export=view&id=1PcKHaFVPyx9rhiswuexp6k3DdEDiCLSj,https://drive.google.com/file/d/1PcKHaFVPyx9rhiswuexp6k3DdEDiCLSj/view?usp=sharing,,"Operational Command ""South""",Ukraine,Military,"Operational Command ""South"" (OK ""South"", military unit A2393) is an operational association of the Land Forces of the Armed Forces of Ukraine in the southern part of Ukraine on the territory of 5 regions. The headquarters is located in the city of Odessa.",https://uk.wikipedia.org/wiki/Оперативне_командування_«Південь» ,,https://drive.usercontent.google.com/download?id=1YPbMkzyh35y9p8gN5XZ14FhrymGny2Me&export=view&authuser=0
RGC.jpg,https://drive.google.com/uc?export=view&id=1JVRlYYgj8MEGrEFs03Y3BMThpiLdIM1p,https://drive.google.com/file/d/1JVRlYYgj8MEGrEFs03Y3BMThpiLdIM1p/view?usp=share_link,,RGC,Ukraine,Service/Infrastructure/Law Enforcement,"Regional Gas Company is a production and technology company specializing in operational, production, engineering and R&D solutions for the gas distribution industry. Our design centers, production facilities and logistics network provide advanced equipment to meet the needs of Ukraine’s gas infrastructure and are integrated with global markets.",https://rgc.ua/en/about,,https://drive.usercontent.google.com/download?id=1BQgzofM8AaKVBLS-xmDOh0YehlLoRjzK&export=view&authuser=0
right-sector.png,https://drive.google.com/uc?export=view&id=1Juvv0Q1c3K03e0XtxFTO3EyM2OJAvnZv,https://drive.google.com/file/d/1Juvv0Q1c3K03e0XtxFTO3EyM2OJAvnZv/view?usp=share_link,,Right Sector,Ukraine,Politics,"Right Sector (Ukrainian: Пра́вий се́ктор, romanized: Pravyi sektor) is a loosely defined coalition of right-wing to far-right Ukrainian nationalist organizations.
Right Sector has been described as a right-wing or far right nationalist political party and movement. Right Sector was the second-most mentioned political group in Russian media during the first half of 2014, and Russian state TV depicted it as neo-Nazi. In March 2014, Associated Press declared that it has found no evidence that the group had committed hate crimes.",https://en.wikipedia.org/wiki/Right_Sector,,"https://drive.usercontent.google.com/download?id=1eG2UKI_PUJEuVx5bCYrqWqv8rPHGQItv&export=view&authuser=0
https://drive.google.com/file/d/1D1sB4q7BTd3rZJtOUwHoUNuboZeU0VZl/view "
rosreestr.jpg,https://drive.google.com/uc?export=view&id=1GWnYy5eTK2q_b_6iOGYN5k90GyEpz6oc,https://drive.google.com/file/d/1GWnYy5eTK2q_b_6iOGYN5k90GyEpz6oc/view?usp=share_link,,Rosreestr,Russia,"Government, Service/Infrastructure/Law Enforcement","The Federal Service for State Registration, Cadastre and Cartography (Rosreestr) (Russian: Федеральная служба государственной регистрации, кадастра и картографии, «Росреестр») (prior to December 30, 2008, Federal Registration Service) is a federal agency in Russia, responsible for the organization of the Unified State Register of Rights on Real Estate and Transactions (Russian: Единый государственный реестр прав на недвижимое имущество и сделок с ним), as well as the spatial data infrastructure of the Russian Federation. It is Russia's official cadastre and cartography agency.","https://en.wikipedia.org/wiki/Rosreestr 
https://commons.wikimedia.org/wiki/File:Logo_of_Rosreestr.jpg",,https://drive.google.com/file/d/1RI2Auxg55kQlniavVSqhMUzn8X3wPSvn/view
RUJ.jpg,https://drive.google.com/uc?export=view&id=1ZKLOI-ytzQmcZa3gp0w_IiJMtN3C7LwO,https://drive.google.com/file/d/1ZKLOI-ytzQmcZa3gp0w_IiJMtN3C7LwO/view?usp=share_link,,Russian Union of Journalists,Russia,Media,"The Russian Union of Journalists  (Союз журналистов России) is the union representing journalists and other media workers across Russia. The Russian Union of Journalists, which is affiliated to the International Federation of Journalists, runs a defence hotline to support members who are attacked for doing their jobs.","https://x.com/rujnews 
https://www.rcmediafreedom.eu/Tools/Support-centres/Russian-Union-of-Journalists",fun fact: https://www.ifj.org/media-centre/news/detail/article/ifj-suspends-russian-union,https://drive.usercontent.google.com/download?id=18jVacCFOkoFs7lUlHJT8GAftI1NIWoNG&export=view&authuser=0
russia-coat-of-arms.png,https://drive.google.com/uc?export=view&id=18OuOVAvGDs6mStP5XRZjzBcMOMZYojsY,https://drive.google.com/file/d/18OuOVAvGDs6mStP5XRZjzBcMOMZYojsY/view?usp=sharing,,coat of arms of Russia,Russia,Government,"The coat of arms of Russia derives from the earlier coat of arms of the Russian Empire. Though modified more than once since the reign of Ivan III (1462–1505), the current coat of arms is directly derived from its medieval original, with the double-headed eagle having Byzantine and earlier antecedents. The general tincture corresponds to the fifteenth-century standard.",https://en.wikipedia.org/wiki/Coat_of_arms_of_Russia,,"https://drive.google.com/file/d/1ySX9eq7cx1pJT7M9Y-3c0FNdQhd2DhLI/view
https://drive.usercontent.google.com/download?id=1FA5Eqvd1Js1yVfO_NB3sx99ULg0wl9LV&export=view&authuser=0
https://drive.usercontent.google.com/download?id=1RZtTPyokuEfDjn1cYKoHSFydXhQUqSqd&export=view&authuser=0"
russia-emergency-situations.png,https://drive.google.com/uc?export=view&id=14vNE9BlM6zvaTBpeEj4MBDCZsNFAovfv,https://drive.google.com/file/d/14vNE9BlM6zvaTBpeEj4MBDCZsNFAovfv/view?usp=sharing,,Ministry of Emergency Situations,Russia,"Government, Service/Infrastructure/Law Enforcement","The Ministry of Civil Defence, Emergencies and Disaster Relief (full name in Russian: Министерство Российской Федерации по делам гражданской обороны, чрезвычайным ситуациям и ликвидации последствий стихийных бедствий (МЧС России), English: Ministry of the Russian Federation for Civil Defense, Emergency Situations and Elimination of the Consequences of Natural Disasters (Ministry of Emergency Situations of Russia)), is a Russian government agency overseeing the civil emergency services in Russia.","https://www.wikidata.org/wiki/Q2624171
https://en.wikipedia.org/wiki/Ministry_of_Emergency_Situations_(Russia)",,"https://drive.usercontent.google.com/download?id=1v_mEuI3_Am5RtHpSafRTnJPTsFvOlBiu&export=view&authuser=0
https://drive.google.com/file/d/1vYF-E42J3x1ekVTotW2WaMZ9iA2Ne6iS/view 
https://drive.usercontent.google.com/download?id=1C9AiJe6b-gteVSLR7SiRXr-r0unOgJ6m&export=view&authuser=0"
russia-kherson.png,https://drive.google.com/uc?export=view&id=1xFo08dtKGPwL0ySFas2TDrsTqlP6lkBu,https://drive.google.com/file/d/1xFo08dtKGPwL0ySFas2TDrsTqlP6lkBu/view?usp=sharing,,coat of arms of Russian-occupied Kherson Oblast (~2022),Russia,"Government, Other occupied territory","The ongoing military occupation of Ukraine's Kherson Oblast (Russian: Херсонская область, romanized: Khersonskaya oblast) by Russian forces began on 24 February 2022, when Russian forces invaded Ukraine from Crimea. It was administrated under a Russian-controlled military-civilian administration until 30 September 2022, when the Russian government declared it had annexed the territory.
In October 2022, as a Ukrainian counteroffensive approached the city of Kherson itself, the Russian administration's executive bodies evacuated from Kherson to the left bank of the Dnieper River.[6] They set up a new administrative centre in Henichesk, in the far south of the Kherson region.[7] Throughout early November 2022, Russian forces fully withdrew from all the areas of Kherson and Mykolaiv regions on the right bank of the Dnieper, including the city of Kherson proper.[8][9] Ukrainian forces entered the city of Kherson on 11 November.","https://commons.wikimedia.org/wiki/File:Coat_of_arms_of_Kherson_Oblast_%28Russia,_Big_size%29.svg
https://en.wikipedia.org/wiki/Russian_occupation_of_Kherson_Oblast ",the wikipedia article the description is from seems biased because it states that Ukraine was not actually successful in recapturing Kherson in Nov 2022. or perhaps the other sources are biased idk,"https://drive.usercontent.google.com/download?id=1Ms7v_YMJsi69Sjf1f5eCB0RmclMZW0aN&export=view&authuser=0
https://drive.google.com/file/d/16jKnLLSXxuM9ssKf4crJRpMdIFTP8ZB4/view "
russia-Z.png,https://drive.google.com/uc?export=view&id=1ClXxByGTE0RyvihoPkJhyPmMOSfnaICy,https://drive.google.com/file/d/1ClXxByGTE0RyvihoPkJhyPmMOSfnaICy/view?usp=sharing,,Z (military symbol),Russia,Military,"The Latin-script letter Z (Russian: зет, romanized: zet, IPA: [zɛt]) is one of several symbols (including ""V"" and ""O"") painted on military vehicles of the Russian Armed Forces involved in the Russian invasion of Ukraine. It is speculated that the Z helps distinguish task forces from one another and serves as an identifier to avoid friendly fire;[1][2] however, Russian officials have claimed various meanings for the symbol.",https://en.wikipedia.org/wiki/Z_(military_symbol),,https://drive.usercontent.google.com/download?id=1bD32KE3rmx66D2HzQ4cXz1aZvnMzac-K&export=view&authuser=0
sumy-go.png,https://drive.google.com/uc?export=view&id=1HLdBipMBwRqanQmCsnj-J9ld8gxnMYdW,https://drive.google.com/file/d/1HLdBipMBwRqanQmCsnj-J9ld8gxnMYdW/view?usp=sharing,,SUMYGO,Ukraine,Media,"Citizen-run news and media project for the city of Sumy. Includes Telegram channel, Instagram account, Facebook account, and more.","https://linktr.ee/sumygocom
https://www.facebook.com/sumygocom/",unsure how to get more detailed information directly from the source for what exactly the Sumy Go project is,https://drive.google.com/file/d/13LvmVZwdErrzqw7kpKWfs3WbRI6U83zx/view
suspilne.png,https://drive.google.com/uc?export=view&id=1QtAXzLx_nEv3Erim5TxtBY9UlxhmEPpK,https://drive.google.com/file/d/1QtAXzLx_nEv3Erim5TxtBY9UlxhmEPpK/view?usp=sharing,,Suspilne,Ukraine,Media,"The National Public Broadcasting Company of Ukraine JSC (Ukrainian: ПАТ ""Національна суспільна телерадіокомпанія України"", romanized: PAT 'Natsionalna Suspilna Teleradiokompaniia Ukrainy', NTSU), also known as Suspilne (Ukrainian: Суспільне, pronounced [sʊˈs⁽ʲ⁾pilʲne], lit. 'Public [Broadcasting]') or previously UA:PBC, is the national public broadcaster of Ukraine.","https://suspilne.media
https://en.wikipedia.org/wiki/Suspilne",,"https://drive.usercontent.google.com/download?id=18mMXWgXPfYrL7yMO9jgs6hbqSLEXCQvT&export=view&authuser=0
https://drive.google.com/file/d/1VzF1LWC48jm0FQ3UAQwdwQdhsxUysyAF/view
https://drive.google.com/file/d/1oHfUYPbrsc7Wc8bo71Hdvuqzl795OwcT/view
https://drive.google.com/file/d/1Wb6Yt7vX0LlDknLZbHZrojIDFyAVhh7k/view
https://drive.usercontent.google.com/download?id=1jAkeHMkMeptf1dTFu4KADYvX6f15X1Qe&export=view&authuser=0
https://drive.usercontent.google.com/download?id=17MvftP2zSDfuaW96FyASogGf2PBhqMp5&export=view&authuser=0
https://drive.usercontent.google.com/download?id=14xrFhmhcNKvHtAvNbjOGfdRpU2aVLJ0K&export=view&authuser=0
https://drive.usercontent.google.com/download?id=1CSmI5vixoue5hjT4eb_LwEiFWflJYOzP&export=view&authuser=0
https://drive.usercontent.google.com/download?id=1LfxFWl06CyzcOT1FW0DvSoAZz3Yg6iJm&export=view&authuser=0"
svoboda.png,https://drive.google.com/uc?export=view&id=1T6J4H57svIBJ7-dwITbKUs39c4If4vez,https://drive.google.com/file/d/1T6J4H57svIBJ7-dwITbKUs39c4If4vez/view?usp=sharing,,Svoboda,Ukraine,Politics,"The All-Ukrainian Union ""Freedom"" (Ukrainian: Всеукраїнське об'єднання «Свобода», romanized: Vseukrainske obiednannia ""Svoboda""), commonly known as V.O. Svoboda or simply Svoboda, is a neo-fascist, ultranationalist political party in Ukraine.",https://en.wikipedia.org/wiki/Svoboda_(political_party),,https://drive.usercontent.google.com/download?id=1eG2UKI_PUJEuVx5bCYrqWqv8rPHGQItv&export=view&authuser=0
telegram.png,https://drive.google.com/uc?export=view&id=1lCAwNNXD67m8eFnP7exisvs02MZahbzj,https://drive.google.com/file/d/1lCAwNNXD67m8eFnP7exisvs02MZahbzj/view?usp=share_link,,Telegram,Other,Media,"Telegram, also known as Telegram Messenger, is a cloud-based, cross-platform, social media and instant messaging (IM) service. It was originally launched for iOS on 14 August 2013 and Android on 20 October 2013. It allows users to exchange messages, share media and files, and hold private and group voice or video calls as well as public livestreams. It is available for Android, iOS, Windows, macOS, Linux, and web browsers. Telegram offers end-to-end encryption in voice and video calls, and optionally in private chats if both participants use a mobile device.",https://en.wikipedia.org/wiki/Telegram_(software),,"https://drive.google.com/file/d/1nJRU3einyy48AMCtVaZxa882PAlXYZ0Q/view
https://drive.google.com/uc?export=view&id=1Mrs0cVX0zBWVmV1dG3X4vARsfCBcuVjB
https://drive.usercontent.google.com/download?id=1TNDBofGIWuYGfTPN8XQe5GTrFKEyBcST&export=view&authuser=0
https://drive.google.com/file/d/1XSvLW0BkinfMIdgisbt_oDRuazC-DwQf/view"
ukraine-coat-of-arms.png,https://drive.google.com/uc?export=view&id=15B0gPUd87Fm4GxAfMrmlYfEGmDJzfupp,https://drive.google.com/file/d/15B0gPUd87Fm4GxAfMrmlYfEGmDJzfupp/view?usp=sharing,,coat of arms of Ukraine,Ukraine,Government,"The coat of arms of Ukraine is a blue shield with a golden trident. It is colloquially known as the tryzub (Ukrainian: тризуб, pronounced [trɪˈzub], lit. 'trident').",https://en.wikipedia.org/wiki/Coat_of_arms_of_Ukraine,,"https://drive.usercontent.google.com/download?id=1oM5dsr7ePNET2UQ_XrHQWNpJnD-rMn8n&export=view&authuser=0
https://drive.google.com/file/d/1N5DUN9a9rOGlrzx31S3KCawH-5t1odTm/view
https://drive.google.com/file/d/1iuGHCTq4TIMlcK3MNRmvsuCpZYWYHpY1/view"
ukraine-national-police.png,https://drive.google.com/uc?export=view&id=1QG1SpHC8XWHu1W2gU3-bkHmOutzATfy9,https://drive.google.com/file/d/1QG1SpHC8XWHu1W2gU3-bkHmOutzATfy9/view?usp=sharing,,National Police of Ukraine,Ukraine,Service/Infrastructure/Law Enforcement,"The National Police of Ukraine (Ukrainian: Націона́льна полі́ція Украї́ни, romanized: Natsionalna politsiia Ukrainy, IPA: [nɐts⁽ʲ⁾ioˈnɑlʲnɐ poˈl⁽ʲ⁾its⁽ʲ⁾ijɐ ʊkrɐˈjinɪ]; abbr. НПУ/NPU [ˌɛnpeˈu]), often simply referred to as the Politsiia (Поліція, 'Police'), is the national, and only, police service of Ukraine.",https://en.wikipedia.org/wiki/National_Police_of_Ukraine,,"https://drive.usercontent.google.com/download?id=17ofCmAF50_be2JqoVEW9Vi64fRcZwroe&export=view&authuser=0
https://drive.usercontent.google.com/download?id=1VrD0U5iNdDOppmCQr2l7cmXzVtH--Qq-&export=view&authuser=0 
https://drive.usercontent.google.com/download?id=16dl__jrGUIVPO4mzM3T6JQljk3CKdbnD&export=view&authuser=0"
ukraine-prosecutor-general.png,https://drive.google.com/uc?export=view&id=1V_DHjUEmr1TTHla5tIIk9nrpNq9ltZD_,https://drive.google.com/file/d/1V_DHjUEmr1TTHla5tIIk9nrpNq9ltZD_/view?usp=share_link,,Prosecutor General of Ukraine,Ukraine,"Government, Service/Infrastructure/Law Enforcement","The Prosecutor General of Ukraine (also Procurator General; Ukrainian: Генеральний прокурор України, romanized: Heneralnyi prokuror Ukrainy, IPA: [ɦeneˈrɑlʲnɪj prokʊˈrɔr ʊkrɐˈjinɪ]) heads the system of official prosecution in courts known as the Office of the Prosecutor General (Ukrainian: Офіс Генерального прокурора, romanized: Ofis Heneralnogo prokurora, or, before 2020, Генеральна прокуратура, Generalna prokuratura).",https://en.wikipedia.org/wiki/Prosecutor_General_of_Ukraine,"same logo as Prosecutor's office of the Autonomous Republic of Crimea, suspect all Ukrainian prosecutor's offices have this emblem","https://drive.google.com/file/d/1HjZInsI4yL7nl-ZGP1UPapNhoY1mDCYH/view
https://drive.usercontent.google.com/download?id=1UECwrYBzdhiwPKXLm0nEg9ELinteAUNh&export=view&authuser=0
https://drive.google.com/file/d/1RguoRpuu_WVbMbnWSQ2bFiraJkTzEiUe/view
https://drive.usercontent.google.com/download?id=1KRz5ZTynUANFvcMs-346dkIKSJYkJ_nn&export=view&authuser=0 "
ukraine-sea-guard-ensign.png,https://drive.google.com/uc?export=view&id=1R6ZqZVt9-jyk6ykJJDLBEu_OJfz3EFba,https://drive.google.com/file/d/1R6ZqZVt9-jyk6ykJJDLBEu_OJfz3EFba/view?usp=share_link,,Ukrainian Sea Guard,Ukraine,"Military, Service/Infrastructure/Law Enforcement","The Ukrainian Sea Guard (Ukrainian: Морська охорона, romanized: Morska okhorona, pronounced [morˈsʲkɑ oxoˈrɔnɐ]; fully titled – Ukrainian: Морська охорона Державної прикордонної служби України, lit. 'Sea Guard of the State Border Guard Service of Ukraine', pronounced [morˈsʲkɑ oxoˈrɔnɐ derˈʒɑu̯noji prɪkorˈdɔnːoji ˈsluʒbɪ ʊkrɐˈjinɪ]) is the coast guard service of Ukraine, subordinated to the State Border Guard Service.",https://en.wikipedia.org/wiki/Ukrainian_Sea_Guard,,https://drive.usercontent.google.com/download?id=1YPbMkzyh35y9p8gN5XZ14FhrymGny2Me&export=view&authuser=0
ukraine-security-service.png,https://drive.google.com/uc?export=view&id=1bYybTV6avCCRH7EardXnZ6O_UVpP3CAx,https://drive.google.com/file/d/1bYybTV6avCCRH7EardXnZ6O_UVpP3CAx/view?usp=sharing,,Security Service of Ukraine,Ukraine,"Government, Service/Infrastructure/Law Enforcement, Military","The Security Service of Ukraine (Ukrainian: Служба безпеки України, romanized: Sluzhba bezpeky Ukrainy [ˈsluʒbɐ bezˈpɛkɪ ʊkrɐˈjinɪ]; abbreviated as SBU [СБУ] or SSU) is the main internal security agency of the Ukrainian government. Its main duties include counter-intelligence activity and combating organized crime and terrorism. The Constitution of Ukraine defines the SBU as a military formation, and its staff are considered military personnel with ranks. It is subordinated directly under the authority of the president of Ukraine. The SBU also operates its own special forces unit, the Alpha Group.",https://en.wikipedia.org/wiki/Security_Service_of_Ukraine,"wikipedia says something about the org being regarded as corrupt but restructured in 2014, curious to know if it's still considered a corrupt institution","https://drive.usercontent.google.com/download?id=1IEchNKq2RMir_eyyNuQHUzBPNqjmNU-X&export=view&authuser=0
https://drive.google.com/file/d/1xJ6CrHpa06-u9L1SENbwWYI9F-qXjjv7/view
https://drive.google.com/file/d/1vR7-UgTbm_5kkIgP-0lpuNMKt0SsE0rk/view?usp=share_link"
ukraine-state-emergency-service.png,https://drive.google.com/uc?export=view&id=1ucpwj5N_lyJxp1fY5XY49ajQ3mqVEEyy,https://drive.google.com/file/d/1ucpwj5N_lyJxp1fY5XY49ajQ3mqVEEyy/view?usp=sharing,,State Emergency Service of Ukraine,Ukraine,Service/Infrastructure/Law Enforcement,"The State Emergency Service of Ukraine (Ukrainian: Державна служба України з надзвичайних ситуацій, romanized: Derzhavna sluzhba Ukrainy z nadzvychainykh sytuatsii), until December 24, 2012 named the Ministry of Emergencies of Ukraine (Ukrainian: Міністерство надзвичайних ситуацій України, romanized: Ministerstvo nadzvychainykh sytuatsii Ukrainy) is the main executive body tasked with carrying out state policy in the spheres of civil defence, rescue, creating and managing the system of insurance fund documentation, utilization of radioactive wastes, protection of population and territory in emergency situations, emergency prevention and response, liquidation in the aftermath, and the Chernobyl catastrophe. They represent Ukraine's sole fire & rescue service.",https://en.wikipedia.org/wiki/State_Emergency_Service_of_Ukraine,,"https://drive.usercontent.google.com/download?id=1j4qVOVsO-fsOEgNIYueZMmNg1M_hsglx&export=view&authuser=0
https://drive.usercontent.google.com/download?id=1uzB_fdjdps768jvPELQ7TdPWLY5pB5kc&export=view&authuser=0
https://drive.usercontent.google.com/download?id=17MvftP2zSDfuaW96FyASogGf2PBhqMp5&export=view&authuser=0"
ukrposhta.png,https://drive.google.com/uc?export=view&id=1baFN4P18hWHRiIZytWqzIWVZ57N_515w,https://drive.google.com/file/d/1baFN4P18hWHRiIZytWqzIWVZ57N_515w/view?usp=sharing,,Ukrposhta (Ukrainian Postal Service),Ukraine,Service/Infrastructure/Law Enforcement,"The Public JSC Ukrainian Postal Service or Ukrposhta (Ukrainian: ПАТ ""Укрпошта"", romanized: PAT 'Ukrposhta') is the national postal service of Ukraine. It is a public company with 100% state ownership due to its strategic importance. From 1999–2015 it was a unitary enterprise of the government of Ukraine. Ukrposhta has been a member of Universal Postal Union since 1947 and the owner of national stamp issuing enterprise ""Ukraine Stamps"" (Ukrainian: Марки України).","https://www.ukrposhta.ua/ua/
https://en.wikipedia.org/wiki/Ukrposhta ",,https://drive.usercontent.google.com/download?id=1BQgzofM8AaKVBLS-xmDOh0YehlLoRjzK&export=view&authuser=0
united-russia.png,https://drive.google.com/uc?export=view&id=1Ogb8X6Rb1fDvOrhGxOjM0CuI4THaRhYx,https://drive.google.com/file/d/1Ogb8X6Rb1fDvOrhGxOjM0CuI4THaRhYx/view?usp=sharing,,United Russia,Russia,Politics,"The All-Russian Political Party United Russia (Russian: Всероссийская политическая партия «Единая Россия», romanized: Vserossiyskaya politicheskaya partiya ""Yedinaya Rossiya"", pronounced [(j)ɪˈdʲinəjə rɐˈsʲijə]) is the ruling political party of Russia. As the largest party in the Russian Federation,[27] it holds 325 (or 72.22%) of the 450 seats in the State Duma as of 2022, having constituted the majority in the chamber since 2007.",https://en.wikipedia.org/wiki/United_Russia,,"https://drive.google.com/file/d/1EKnU6sYLsR5TBtAtyKyw69eyKKjuo1Mm/view
https://drive.usercontent.google.com/download?id=1RZtTPyokuEfDjn1cYKoHSFydXhQUqSqd&export=view&authuser=0"
validus-special-auto.jpeg,https://drive.google.com/uc?export=view&id=115eZ3u3X02kNeCPvzXBJo_OTuRcYmkE2,https://drive.google.com/file/d/115eZ3u3X02kNeCPvzXBJo_OTuRcYmkE2/view?usp=share_link,,Validus Special Auto,Ukraine,"Other, Service/Infrastructure/Law Enforcement","Validus Special Auto is a leading Ukrainian manufacturer specializing in the production and conversion of special vehicles. The company was founded on August 29, 2012, with the aim of developing and producing special and specialized vehicles aimed at saving lives. Quality control and the production process at the enterprise are carried out by highly qualified employees who have the necessary qualifications, work experience, and training received at the production sites of our partners. In the Ukrainian market, the company has established itself as a manufacturer of high-quality special vehicles, which often have no analogues and are oriented to the needs of the client. The company's production facilities are certified, and modern engineering technologies are constantly being implemented in the production process.",https://vsauto.com.ua/en/,,https://drive.google.com/file/d/1n7SZcCmoAS9CehMC2vB7YXCYfTrpK8A2/view?usp=sharing
vgoru.png,https://drive.google.com/uc?export=view&id=14QkMRLDKpgpQXMP4xQ2aqEDTXr4pGrq5,https://drive.google.com/file/d/14QkMRLDKpgpQXMP4xQ2aqEDTXr4pGrq5/view?usp=share_link,,Вгору (Vgoru),Ukraine,Media,"«Вгору» у 2002 році заснувала Благодійна організація «Фонд милосердя та здоров’я» для розвитку громадянського суспільства в Херсонській області. З 2002 по 2017 рік щотижня виходила друкована версія газети – незалежний громадсько-політичний тижневик «Вгору», наразі видання повністю працює в онлайн режимі.
Vgoru was founded in 2002 by the Charity Organization ""Mercy and Health Foundation"" for the development of civil society in the Kherson region. From 2002 to 2017, a printed version of the newspaper was published weekly - the independent social and political weekly ""Vgoru"", currently the publication is fully operational online.",https://vgoru.org/about,,https://drive.google.com/file/d/1ILos4JlhU-zaQs72iG90LuYZWjJd4cvd/view?usp=sharing
we-are-together-with-russia.png,https://drive.google.com/uc?export=view&id=1wCfcXjwWRD48lzJ4ZGb9MbqOO9iJMnTw,https://drive.google.com/file/d/1wCfcXjwWRD48lzJ4ZGb9MbqOO9iJMnTw/view?usp=sharing,,,Russia,"Politics, Other occupied territory","We Are Together with Russia (Russian: Мы вместе с Россией, romanized: My vmeste s Rossiyey, Ukrainian: Ми разом з Росією) is a pro-Russian collaborationist organization operating in the Russian-occupied Zaporizhzhia Oblast and supported by the Russian authorities. It describes itself as an ""integration movement"". The movement actively advocates the accession of the region to the Russian Federation, and according to the Ukrainian media it is actively involved in the preparation of ""referendums"" on the occupied Ukrainian territories becoming part of Russia. Its activities are being organized by the United Russia party and the All-Russia People's Front, headed by Vladimir Putin.",https://en.wikipedia.org/wiki/We_Are_Together_with_Russia,,https://drive.usercontent.google.com/download?id=1CeVLavXMq_bPHHuxeOtaziJ4zaDgMQWi&export=view&authuser=0
yellow-ribbon.png,https://drive.google.com/uc?export=view&id=1tfG5TeMiNlWWOuDqHtcPZF2K7J0VPHJ7,https://drive.google.com/file/d/1tfG5TeMiNlWWOuDqHtcPZF2K7J0VPHJ7/view?usp=share_link,,Yellow Ribbon movement,Ukraine,Politics,"The Yellow Ribbon (Ukrainian: Жовта стрічка, romanized: Žovta strička) is a resistance movement in the occupied territories of Ukraine. Created in April 2022 after the Russian military invasion, the goal of the movement is resisting the Russian occupation of Ukraine.",https://en.wikipedia.org/wiki/Yellow_Ribbon_(movement),,https://drive.usercontent.google.com/download?id=1zIrBDXU8Yl9eDLddnt2AYJpoHEjNS0Ro&export=view&authuser=0
,https://drive.google.com/uc?export=view&id=,,,,,,,,,
,https://drive.google.com/uc?export=view&id=,,,,,,,,,
,https://drive.google.com/uc?export=view&id=,,,,,,,,,
unknown-1.png,https://drive.google.com/uc?export=view&id=1AGPAOKLxQEhsXYHvsjyMNXouxnY6bQ4D,https://drive.google.com/file/d/1AGPAOKLxQEhsXYHvsjyMNXouxnY6bQ4D/view?usp=share_link,,,,,,https://drive.usercontent.google.com/download?id=1TzZShhC3MjaLFKIpT9cijNL6ISuRB9fa&export=view&authuser=0,,
unknown-2.png,https://drive.google.com/uc?export=view&id=1GEAzH96JNXxHK5wJtfyMNfEQB6JD26j4,https://drive.google.com/file/d/1GEAzH96JNXxHK5wJtfyMNfEQB6JD26j4/view?usp=sharing,,,,,,https://drive.usercontent.google.com/download?id=1ND-aSncZhYA3ObA7gwNyKyuxCLSwIvQa&export=view&authuser=0,,
unknown-3.png,https://drive.google.com/uc?export=view&id=1s1ZDM4NtCFxx3Xqdhab-ox3chWs59hZD,https://drive.google.com/file/d/1s1ZDM4NtCFxx3Xqdhab-ox3chWs59hZD/view?usp=sharing,,,,,,https://drive.google.com/file/d/1XSvLW0BkinfMIdgisbt_oDRuazC-DwQf/view,,
unknown-4.png,https://drive.google.com/uc?export=view&id=1dqZJDucWVcFwE3io8HXvD3I5PO7MxLhC,https://drive.google.com/file/d/1dqZJDucWVcFwE3io8HXvD3I5PO7MxLhC/view?usp=share_link,,,,,,https://drive.google.com/file/d/1sW2nr_5-8oo_A2wSzK30PviepvmOWinj/view,,
unknown-5.png,https://drive.google.com/uc?export=view&id=1bcI-LsKpReh2GZAp4xSJrPMXdRznJDLd,https://drive.google.com/file/d/1bcI-LsKpReh2GZAp4xSJrPMXdRznJDLd/view?usp=share_link,,,,,looks like generic radio tower logo,https://drive.google.com/file/d/1UAnkXSZILoyFGhCwolY9_GEpcX70m7aS/view,,
unknown-6.png,https://drive.google.com/uc?export=view&id=16t_ibJ4wTgh32FLSXbPEp4AR4xlt7p1t,https://drive.google.com/file/d/16t_ibJ4wTgh32FLSXbPEp4AR4xlt7p1t/view?usp=share_link,,,,,,https://drive.google.com/file/d/1D1sB4q7BTd3rZJtOUwHoUNuboZeU0VZl/view,,
unknown-7.png,https://drive.google.com/uc?export=view&id=1UhgkhbLRXCbUtPg0NapttPdksle5r4mi,https://drive.google.com/file/d/1UhgkhbLRXCbUtPg0NapttPdksle5r4mi/view?usp=sharing,,,,,,https://drive.google.com/file/d/1D1sB4q7BTd3rZJtOUwHoUNuboZeU0VZl/view,,
unknown-8.png,https://drive.google.com/uc?export=view&id=1gYfDBKYsctd-7eYnb4E5alRYVF_GLFN9,https://drive.google.com/file/d/1gYfDBKYsctd-7eYnb4E5alRYVF_GLFN9/view?usp=share_link,,,,,,https://drive.usercontent.google.com/download?id=14KxmEC00Hb8qF4vVrACbNkMvlo5cu0Oq&export=view&authuser=0,,
unknown-9.png,https://drive.google.com/uc?export=view&id=1sayuNQrhw7dlfWknUoMJjdmfbhcji5yj,https://drive.google.com/file/d/1sayuNQrhw7dlfWknUoMJjdmfbhcji5yj/view?usp=sharing,,,,,,https://drive.google.com/file/d/1n7SZcCmoAS9CehMC2vB7YXCYfTrpK8A2/view?usp=sharing,,
unknown-11.png,https://drive.google.com/uc?export=view&id=1BOmwoCIxHBsH-wCVm8vNmUENY5ptpt7S,https://drive.google.com/file/d/1BOmwoCIxHBsH-wCVm8vNmUENY5ptpt7S/view?usp=share_link,,,,,,https://drive.google.com/file/d/1C9AiJe6b-gteVSLR7SiRXr-r0unOgJ6m/view?usp=sharing,,
unknown-12.png,https://drive.google.com/uc?export=view&id=1GZ6X4oGdiwWRImowyxCWi70sYyTkaibP,https://drive.google.com/file/d/1GZ6X4oGdiwWRImowyxCWi70sYyTkaibP/view?usp=share_link,,,,,,https://drive.google.com/file/d/1C9AiJe6b-gteVSLR7SiRXr-r0unOgJ6m/view?usp=sharing,,